{
  "project_info": {
    "project_number": "327575504682",
    "project_id": "charu-chat-1",
    "storage_bucket": "charu-chat-1.appspot.com"
  },
  "client": [
    {
      "client_info": {
        "mobilesdk_app_id": "1:327575504682:android:a4191bea3b5428e17d0053",
        "android_client_info": {
          "package_name": "com.example.chattt"
        }
      },
      "oauth_client": [
        {
          "client_id": "327575504682-n9jun85a0cfgbrv9f49hq3aq1s5j8ldf.apps.googleusercontent.com",
          "client_type": 3
        }
      ],
      "api_key": [
        {
          "current_key": "AIzaSyApdxRT5-milCWbtNnb3LRZ_37PBt6Nh0Y"
        }
      ],
      "services": {
        "appinvite_service": {
          "other_platform_oauth_client": [
            {
              "client_id": "327575504682-n9jun85a0cfgbrv9f49hq3aq1s5j8ldf.apps.googleusercontent.com",
              "client_type": 3
            }
          ]
        }
      }
    }
  ],
  "configuration_version": "1"
}